{"hops": {"OutCountry": {"y": [1, 1, 1, 1, 1, 1, 1, 1, 1, 1, 1, 1, 1, 1, 1, 1, 1], "x": [10, 1, 16, 18, 1, 10, 20, 1, 11, 12, 1, 12, 1, 11, 12, 1, 12]}, "InCountry": {"y": [1, 1], "x": [2, 1]}}, "rtt": {"OutCountry": {"y": [1, 1, 1, 1, 1, 1, 1, 1, 1, 1, 1, 1, 1, 1, 1, 1, 1], "x": [196.1355, 1.4643333333333333, 205.83499999999998, 189.09466666666665, 1.195, 80.28166666666668, 303.59, 2.1826666666666665, 81.109, 83.47, 1.832, 83.20933333333333, 2.2246666666666663, 80.95666666666666, 98.60466666666666, 1.7843333333333333, 83.08200000000001]}, "InCountry": {"y": [1, 1], "x": [0.8143333333333334, 1.6796666666666666]}}, "hops_cdf": {"OutCountry": {"y": [0.35294117647058826, 0.35294117647058826, 0.35294117647058826, 0.35294117647058826, 0.35294117647058826, 0.35294117647058826, 0.35294117647058826, 0.35294117647058826, 0.35294117647058826, 0.47058823529411764, 0.58823529411764708, 0.82352941176470584, 0.82352941176470584, 0.82352941176470584, 0.82352941176470584, 0.88235294117647056, 0.88235294117647056, 0.94117647058823528, 0.94117647058823528, 1.0, 1.0, 1.0, 1.0, 1.0, 1.0, 1.0, 1.0, 1.0, 1.0], "x": ["[0, 1]", "(1, 2]", "(2, 3]", "(3, 4]", "(4, 5]", "(5, 6]", "(6, 7]", "(7, 8]", "(8, 9]", "(9, 10]", "(10, 11]", "(11, 12]", "(12, 13]", "(13, 14]", "(14, 15]", "(15, 16]", "(16, 17]", "(17, 18]", "(18, 19]", "(19, 20]", "(20, 21]", "(21, 22]", "(22, 23]", "(23, 24]", "(24, 25]", "(25, 26]", "(26, 27]", "(27, 28]", "(28, 29]"]}, "InCountry": {"y": [0.5, 1.0, 1.0, 1.0, 1.0, 1.0, 1.0, 1.0, 1.0, 1.0, 1.0, 1.0, 1.0, 1.0, 1.0, 1.0, 1.0, 1.0, 1.0, 1.0, 1.0, 1.0, 1.0, 1.0, 1.0, 1.0, 1.0, 1.0, 1.0], "x": ["[0, 1]", "(1, 2]", "(2, 3]", "(3, 4]", "(4, 5]", "(5, 6]", "(6, 7]", "(7, 8]", "(8, 9]", "(9, 10]", "(10, 11]", "(11, 12]", "(12, 13]", "(13, 14]", "(14, 15]", "(15, 16]", "(16, 17]", "(17, 18]", "(18, 19]", "(19, 20]", "(20, 21]", "(21, 22]", "(22, 23]", "(23, 24]", "(24, 25]", "(25, 26]", "(26, 27]", "(27, 28]", "(28, 29]"]}}, "rtt_cdf": {"OutCountry": {"y": [0.42857142857142855, 0.42857142857142855, 0.42857142857142855, 0.42857142857142855, 0.42857142857142855, 0.42857142857142855, 0.42857142857142855, 0.42857142857142855, 0.42857142857142855, 0.42857142857142855, 0.42857142857142855, 0.42857142857142855, 0.42857142857142855, 0.42857142857142855, 0.42857142857142855, 0.42857142857142855, 0.8571428571428571, 0.8571428571428571, 0.8571428571428571, 0.9285714285714286, 0.9285714285714286, 0.9285714285714286, 0.9285714285714286, 0.9285714285714286, 0.9285714285714286, 0.9285714285714286, 0.9285714285714286, 0.9285714285714286, 0.9285714285714286, 0.9285714285714286, 0.9285714285714286, 0.9285714285714286, 0.9285714285714286, 0.9285714285714286, 0.9285714285714286, 0.9285714285714286, 0.9285714285714286, 1.0, 1.0], "x": ["[0, 5]", "(5, 10]", "(10, 15]", "(15, 20]", "(20, 25]", "(25, 30]", "(30, 35]", "(35, 40]", "(40, 45]", "(45, 50]", "(50, 55]", "(55, 60]", "(60, 65]", "(65, 70]", "(70, 75]", "(75, 80]", "(80, 85]", "(85, 90]", "(90, 95]", "(95, 100]", "(100, 105]", "(105, 110]", "(110, 115]", "(115, 120]", "(120, 125]", "(125, 130]", "(130, 135]", "(135, 140]", "(140, 145]", "(145, 150]", "(150, 155]", "(155, 160]", "(160, 165]", "(165, 170]", "(170, 175]", "(175, 180]", "(180, 185]", "(185, 190]", "(190, 195]"]}, "InCountry": {"y": [1.0, 1.0, 1.0, 1.0, 1.0, 1.0, 1.0, 1.0, 1.0, 1.0, 1.0, 1.0, 1.0, 1.0, 1.0, 1.0, 1.0, 1.0, 1.0, 1.0, 1.0, 1.0, 1.0, 1.0, 1.0, 1.0, 1.0, 1.0, 1.0, 1.0, 1.0, 1.0, 1.0, 1.0, 1.0, 1.0, 1.0, 1.0, 1.0], "x": ["[0, 5]", "(5, 10]", "(10, 15]", "(15, 20]", "(20, 25]", "(25, 30]", "(30, 35]", "(35, 40]", "(40, 45]", "(45, 50]", "(50, 55]", "(55, 60]", "(60, 65]", "(65, 70]", "(70, 75]", "(75, 80]", "(80, 85]", "(85, 90]", "(90, 95]", "(95, 100]", "(100, 105]", "(105, 110]", "(110, 115]", "(115, 120]", "(120, 125]", "(125, 130]", "(130, 135]", "(135, 140]", "(140, 145]", "(145, 150]", "(150, 155]", "(155, 160]", "(160, 165]", "(165, 170]", "(170, 175]", "(175, 180]", "(180, 185]", "(185, 190]", "(190, 195]"]}}, "mesh": {"y": ["www.grts.gm", "www.banjulfocus.com", "www.freedomnewspaper.com", "gainako.com", "www.thegambiaecho.com", "www.jollofnews.com", "www.senegambianews.com", "observer.gm", "thepoint.gm", "dailynews.gm", "foroyaa.gm"], "x": ["I18434", "I18514", "O18434", "O18514"], "z": [[0.81433333333333335, 1.6796666666666666, null, null], [null, null, 196.13550000000001, null], [null, null, null, 1.4643333333333333], [null, null, 205.83499999999998, null], [null, null, 189.09466666666665, 1.1950000000000001], [null, null, 80.28166666666668, null], [null, null, 303.58999999999997, 2.1826666666666665], [null, null, 81.032833333333329, null], [null, null, 83.27600000000001, 1.8320000000000001], [null, null, 83.209333333333333, 2.2246666666666663], [null, null, 98.60466666666666, 1.7843333333333333]]}}