{"hops": {"OutCountry": {"y": [1, 1, 1, 1, 1, 1, 1, 1, 1, 1, 1, 1, 1, 1, 1, 1, 1, 1, 1, 1, 1, 1, 1, 1, 1, 1], "x": [9, 3, 5, 12, 5, 12, 5, 5, 9, 3, 13, 13, 13, 13, 13, 13, 13, 13, 13, 13, 9, 3, 5, 5, 9, 3]}}, "rtt": {"OutCountry": {"y": [1, 1, 1, 1, 1, 1, 1, 1, 1, 1, 1, 1, 1, 1, 1, 1, 1, 1, 1, 1, 1, 1, 1, 1, 1, 1], "x": [3.5716666666666668, 0.8873333333333333, 3.396333333333333, 269.58500000000004, 3.3550000000000004, 227.73033333333333, 3.2413333333333334, 58.36066666666667, 3.954333333333333, 0.581, 3.6936666666666667, 0.7976666666666667, 3.6933333333333334, 0.7963333333333334, 3.798666666666667, 0.7683333333333334, 3.744666666666667, 0.7866666666666666, 3.7503333333333337, 0.81, 3.935333333333334, 1.0345, 3.2903333333333333, 57.867999999999995, 3.9676666666666667, 0.612]}}, "hops_cdf": {"OutCountry": {"y": [0.0, 0.0, 0.15384615384615385, 0.15384615384615385, 0.38461538461538464, 0.38461538461538464, 0.38461538461538464, 0.38461538461538464, 0.53846153846153844, 0.53846153846153844, 0.53846153846153844, 0.61538461538461542, 1.0, 1.0, 1.0, 1.0, 1.0, 1.0, 1.0, 1.0, 1.0, 1.0, 1.0, 1.0, 1.0, 1.0, 1.0, 1.0, 1.0], "x": ["[0, 1]", "(1, 2]", "(2, 3]", "(3, 4]", "(4, 5]", "(5, 6]", "(6, 7]", "(7, 8]", "(8, 9]", "(9, 10]", "(10, 11]", "(11, 12]", "(12, 13]", "(13, 14]", "(14, 15]", "(15, 16]", "(16, 17]", "(17, 18]", "(18, 19]", "(19, 20]", "(20, 21]", "(21, 22]", "(22, 23]", "(23, 24]", "(24, 25]", "(25, 26]", "(26, 27]", "(27, 28]", "(28, 29]"]}}, "rtt_cdf": {"OutCountry": {"y": [0.91666666666666663, 0.91666666666666663, 0.91666666666666663, 0.91666666666666663, 0.91666666666666663, 0.91666666666666663, 0.91666666666666663, 0.91666666666666663, 0.91666666666666663, 0.91666666666666663, 0.91666666666666663, 1.0, 1.0, 1.0, 1.0, 1.0, 1.0, 1.0, 1.0, 1.0, 1.0, 1.0, 1.0, 1.0, 1.0, 1.0, 1.0, 1.0, 1.0, 1.0, 1.0, 1.0, 1.0, 1.0, 1.0, 1.0, 1.0, 1.0, 1.0], "x": ["[0, 5]", "(5, 10]", "(10, 15]", "(15, 20]", "(20, 25]", "(25, 30]", "(30, 35]", "(35, 40]", "(40, 45]", "(45, 50]", "(50, 55]", "(55, 60]", "(60, 65]", "(65, 70]", "(70, 75]", "(75, 80]", "(80, 85]", "(85, 90]", "(90, 95]", "(95, 100]", "(100, 105]", "(105, 110]", "(110, 115]", "(115, 120]", "(120, 125]", "(125, 130]", "(130, 135]", "(135, 140]", "(140, 145]", "(145, 150]", "(150, 155]", "(155, 160]", "(160, 165]", "(165, 170]", "(170, 175]", "(175, 180]", "(180, 185]", "(185, 190]", "(190, 195]"]}}, "mesh": {"y": ["mongolnews.mn", "www.tsahimurtuu.mn", "www.mad-mongolia.com", "dnn.mn", "www.zuuniimedee.mn", "jp.montsame.mn", "www.montsame.mn", "khumuunbichig.montsame.mn", "ru.montsame.mn", "cn.montsame.mn", "ubpost.mongolnews.mn"], "x": ["O29034", "O6153"], "z": [[3.5716666666666668, 0.88733333333333331], [3.3963333333333332, 269.58500000000004], [3.3550000000000004, 227.73033333333333], [3.2658333333333331, 58.114333333333335], [3.9609999999999999, 0.59650000000000003], [3.6936666666666667, 0.79766666666666675], [3.6933333333333334, 0.79633333333333345], [3.7986666666666671, 0.76833333333333342], [3.7446666666666668, 0.78666666666666663], [3.7503333333333337, 0.81000000000000005], [3.9353333333333338, 1.0345]]}}