{"hops": {"OutCountry": {"y": [1, 1, 1, 1, 1, 1, 1, 1, 1, 1, 1, 1, 1, 1, 1, 1, 1, 1, 1, 1, 1, 1, 1, 1, 1, 1, 1, 1, 1, 1, 1, 1, 1, 1, 1, 1, 1, 1, 1, 1, 1, 1, 1, 1, 1, 1, 1, 1, 1, 1, 1, 1, 1, 1, 1, 1, 1, 1, 1, 1, 1], "x": [15, 15, 12, 13, 13, 11, 11, 13, 13, 12, 12, 15, 15, 10, 10, 12, 12, 17, 16, 13, 13, 13, 13, 11, 11, 13, 13, 13, 13, 16, 16, 11, 11, 12, 12, 13, 13, 8, 8, 8, 8, 13, 13, 12, 12, 12, 12, 14, 14, 12, 12, 14, 14, 16, 16, 13, 13, 12, 12, 12, 12]}}, "rtt": {"OutCountry": {"y": [1, 1, 1, 1, 1, 1, 1, 1, 1, 1, 1, 1, 1, 1, 1, 1, 1, 1, 1, 1, 1, 1, 1, 1, 1, 1, 1, 1, 1, 1, 1, 1, 1, 1, 1, 1, 1, 1, 1, 1, 1, 1, 1, 1, 1, 1, 1, 1, 1, 1, 1, 1, 1, 1, 1, 1, 1, 1, 1, 1, 1], "x": [116.56033333333333, 104.99166666666666, 146.317, 577.2206666666666, 117.06466666666667, 118.06599999999999, 125.29233333333333, 116.07800000000002, 141.1723333333333, 107.09100000000001, 126.26833333333333, 194.23266666666666, 263.115, 197.909, 211.57866666666666, 109.26833333333333, 137.95000000000002, 130.55100000000002, 157.123, 112.38433333333334, 119.795, 152.196, 181.86233333333334, 102.81333333333333, 101.89533333333333, 523.744, 412.838, 115.12366666666667, 238.0566666666667, 117.267, 1111.6946666666665, 122.73833333333334, 448.0663333333334, 103.656, 129.108, 107.65366666666667, 117.599, 112.83933333333334, 136.52066666666667, 104.2, 145.93300000000002, 389.98199999999997, 399.44966666666664, 193.157, 298.50866666666667, 114.58850000000001, 121.36966666666667, 110.08733333333333, 149.58633333333333, 113.75066666666667, 107.94266666666665, 237.102, 258.0365, 263.325, 231.8516666666667, 112.33966666666667, 164.60066666666668, 181.57933333333335, 176.86100000000002, 110.53099999999999, 120.047]}}, "hops_cdf": {"OutCountry": {"y": [0.0, 0.0, 0.0, 0.0, 0.0, 0.0, 0.0, 0.065573770491803282, 0.065573770491803282, 0.098360655737704916, 0.19672131147540983, 0.47540983606557374, 0.77049180327868849, 0.83606557377049184, 0.90163934426229508, 0.98360655737704916, 1.0, 1.0, 1.0, 1.0, 1.0, 1.0, 1.0, 1.0, 1.0, 1.0, 1.0, 1.0, 1.0], "x": ["[0, 1]", "(1, 2]", "(2, 3]", "(3, 4]", "(4, 5]", "(5, 6]", "(6, 7]", "(7, 8]", "(8, 9]", "(9, 10]", "(10, 11]", "(11, 12]", "(12, 13]", "(13, 14]", "(14, 15]", "(15, 16]", "(16, 17]", "(17, 18]", "(18, 19]", "(19, 20]", "(20, 21]", "(21, 22]", "(22, 23]", "(23, 24]", "(24, 25]", "(25, 26]", "(26, 27]", "(27, 28]", "(28, 29]"]}}, "rtt_cdf": {"OutCountry": {"y": [0.0, 0.0, 0.0, 0.0, 0.0, 0.0, 0.0, 0.0, 0.0, 0.0, 0.0, 0.0, 0.0, 0.0, 0.0, 0.0, 0.0, 0.0, 0.0, 0.0, 0.1111111111111111, 0.20000000000000001, 0.35555555555555557, 0.53333333333333333, 0.59999999999999998, 0.66666666666666663, 0.68888888888888888, 0.73333333333333328, 0.75555555555555554, 0.82222222222222219, 0.84444444444444444, 0.8666666666666667, 0.88888888888888884, 0.88888888888888884, 0.88888888888888884, 0.91111111111111109, 0.9555555555555556, 0.9555555555555556, 1.0], "x": ["[0, 5]", "(5, 10]", "(10, 15]", "(15, 20]", "(20, 25]", "(25, 30]", "(30, 35]", "(35, 40]", "(40, 45]", "(45, 50]", "(50, 55]", "(55, 60]", "(60, 65]", "(65, 70]", "(70, 75]", "(75, 80]", "(80, 85]", "(85, 90]", "(90, 95]", "(95, 100]", "(100, 105]", "(105, 110]", "(110, 115]", "(115, 120]", "(120, 125]", "(125, 130]", "(130, 135]", "(135, 140]", "(140, 145]", "(145, 150]", "(150, 155]", "(155, 160]", "(160, 165]", "(165, 170]", "(170, 175]", "(175, 180]", "(180, 185]", "(185, 190]", "(190, 195]"]}}, "mesh": {"OutCountry": {"y": ["www.rts.sn", "www.actusen.com", "www.arenebi.com", "www.au-senegal.com", "www.dakaractu.com", "www.dakar-info.com", "www.devoircitoyen.fr", "www.homeviewsenegal.com", "www.igfm.sn", "www.infosen.net", "www.leral.net", "www.leuksenegal.com", "www.nettali.net", "www.rewmi.com", "www.sen24heures.com", "www.senenews.com", "www.sen360.com", "senego.com", "www.senetoile.net", "www.seneweb.com", "xalimasn.com", "www.lesoleil.sn", "www.sudonline.sn", "www.walf-groupe.com", "www.aps.sn", "www.enqueteplus.com", "www.lagazette.sn", "www.lequotidien.sn"], "x": ["O11383", "O239"], "z": [[116.56033333333333, 104.99166666666666], [146.31700000000001, null], [577.2206666666666, 117.06466666666667], [118.06599999999999, 125.29233333333333], [116.07800000000002, 141.17233333333331], [107.09100000000001, 126.26833333333333], [194.23266666666666, 263.11500000000001], [197.90899999999999, 211.57866666666666], [109.26833333333333, 137.95000000000002], [130.55100000000002, 157.12299999999999], [112.38433333333334, 119.795], [152.196, 181.86233333333334], [102.81333333333333, 101.89533333333333], [523.74400000000003, 412.83800000000002], [115.12366666666667, 238.0566666666667], [117.267, 1111.6946666666665], [122.73833333333334, 448.06633333333338], [103.65600000000001, 129.108], [107.65366666666667, 117.599], [112.83933333333334, 136.52066666666667], [104.2, 145.93300000000002], [251.16083333333333, 282.02516666666668], [187.3681666666667, 237.68483333333336], [112.55975000000001, 120.70833333333334], [110.08733333333333, 149.58633333333333], [113.75066666666667, 107.94266666666665], [237.102, 258.03649999999999], [263.32499999999999, 231.85166666666669]]}}}